id,first_name,last_name,email,gender
1,Dimitry,Pattlel,dpattlel0@dyndns.org,Agender
2,Tybi,Everington,teverington1@google.com.hk,Female
3,Willis,Brik,wbrik2@bluehost.com,Male
4,Allin,Henrych,ahenrych3@shop-pro.jp,Bigender
5,Evelin,Waterhouse,ewaterhouse4@wikispaces.com,Male
6,Trip,Partner,tpartner5@howstuffworks.com,Male
7,Ronnie,Grafham,rgrafham6@bloomberg.com,Female
8,Nikolaos,Risebrow,nrisebrow7@icio.us,Male
9,Marillin,Filintsev,mfilintsev8@i2i.jp,Female
10,Tobe,Saward,tsaward9@over-blog.com,Female
11,Averil,Lavielle,alaviellea@cpanel.net,Male
12,Teodoor,Divell,tdivellb@dagondesign.com,Male
13,Tomlin,Twaits,ttwaitsc@independent.co.uk,Male
14,Tim,Folker,tfolkerd@nhs.uk,Female
15,Duke,Humpage,dhumpagee@about.me,Male
16,Adan,Jahnig,ajahnigf@sohu.com,Female
17,Ansell,Thame,athameg@cloudflare.com,Male
18,Westleigh,Diggle,wdiggleh@bravesites.com,Genderqueer
19,Deena,Barsham,dbarshami@twitter.com,Female
20,Vinita,Melendez,vmelendezj@cdbaby.com,Bigender
21,Grover,Gemmill,ggemmillk@ftc.gov,Male
22,Beniamino,Beccles,bbecclesl@nytimes.com,Male
23,Baird,Tripp,btrippm@hexun.com,Male
24,Barde,Fredy,bfredyn@baidu.com,Male
25,Harry,Frisby,hfrisbyo@time.com,Male
26,Polly,Laba,plabap@is.gd,Female
27,Kali,Kording,kkordingq@blogspot.com,Female
28,Morganne,Ziemens,mziemensr@furl.net,Female
29,Finley,Rixon,frixons@ebay.co.uk,Male
30,Greggory,Crossingham,gcrossinghamt@sakura.ne.jp,Male
31,Alisun,Rosenthaler,arosenthaleru@github.io,Female
32,Englebert,Yashin,eyashinv@histats.com,Male
33,Sansone,Mummery,smummeryw@ameblo.jp,Polygender
34,Hayden,Fortnum,hfortnumx@ehow.com,Male
35,Linell,Horsefield,lhorsefieldy@dailymail.co.uk,Female
36,Joseito,Sudy,jsudyz@paginegialle.it,Male
37,Bailie,Burn,bburn10@un.org,Male
38,Erie,Wastling,ewastling11@tripod.com,Male
39,Marcel,Sesons,msesons12@amazonaws.com,Male
40,Caesar,Halliday,challiday13@hexun.com,Male
41,Juli,Boldison,jboldison14@smugmug.com,Female
42,Nancy,Busswell,nbusswell15@wufoo.com,Female
43,Carlie,Blader,cblader16@senate.gov,Genderfluid
44,Hortensia,Vasler,hvasler17@github.com,Female
45,Arabel,Smewing,asmewing18@japanpost.jp,Female
46,Caresse,Gauler,cgauler19@discuz.net,Female
47,Chilton,Colbertson,ccolbertson1a@cloudflare.com,Male
48,Olvan,Nelhams,onelhams1b@huffingtonpost.com,Male
49,Hollyanne,Basilio,hbasilio1c@shareasale.com,Female
50,Benedick,Realff,brealff1d@gravatar.com,Male
51,Mathew,Dyment,mdyment1e@yale.edu,Male
52,Cathy,Hendricks,chendricks1f@accuweather.com,Female
53,Elwira,Swire,eswire1g@trellian.com,Female
54,Chere,Clapison,cclapison1h@salon.com,Female
55,Tedmund,Stickings,tstickings1i@tinypic.com,Male
56,Glennie,Anneslie,ganneslie1j@homestead.com,Female
57,Janot,Roubert,jroubert1k@domainmarket.com,Female
58,Morse,Filochov,mfilochov1l@eepurl.com,Male
59,Darrel,Elstob,delstob1m@timesonline.co.uk,Male
60,Kenny,MacNab,kmacnab1n@posterous.com,Male
61,Clarette,di Rocca,cdirocca1o@themeforest.net,Female
62,Carry,Blasdale,cblasdale1p@ucla.edu,Female
63,Riannon,Grayland,rgrayland1q@nationalgeographic.com,Agender
64,Kakalina,Calbreath,kcalbreath1r@hp.com,Female
65,Keen,Perford,kperford1s@phpbb.com,Male
66,Karee,Creer,kcreer1t@blogtalkradio.com,Female
67,Leopold,Corbet,lcorbet1u@free.fr,Male
68,Jozef,Orrobin,jorrobin1v@webs.com,Male
69,Buddie,Burch,bburch1w@foxnews.com,Genderqueer
70,Ash,Tregenza,atregenza1x@rediff.com,Male
71,Bentley,Crackel,bcrackel1y@yolasite.com,Male
72,Mal,Ladlow,mladlow1z@discovery.com,Male
73,Nicolle,Westover,nwestover20@comcast.net,Polygender
74,Francene,Raffon,fraffon21@istockphoto.com,Female
75,Jeannie,Lemon,jlemon22@jalbum.net,Female
76,Ronda,Ead,read23@phoca.cz,Female
77,Davita,Stanners,dstanners24@fastcompany.com,Female
78,Huntley,Cook,hcook25@qq.com,Male
79,Raviv,Battabee,rbattabee26@flickr.com,Male
80,Nichol,Blackstone,nblackstone27@auda.org.au,Female
81,Audrye,Dron,adron28@com.com,Female
82,Titus,McKennan,tmckennan29@wunderground.com,Male
83,Vin,Sibery,vsibery2a@apple.com,Female
84,Rey,Botting,rbotting2b@google.de,Female
85,Beatriz,Naptine,bnaptine2c@ebay.co.uk,Female
86,Ninetta,Kelcher,nkelcher2d@icio.us,Female
87,Renelle,Lohde,rlohde2e@accuweather.com,Genderfluid
88,Lukas,Matcham,lmatcham2f@independent.co.uk,Male
89,Lemar,Kittman,lkittman2g@discuz.net,Male
90,Anette,Brame,abrame2h@angelfire.com,Female
91,Chickie,McCullagh,cmccullagh2i@china.com.cn,Female
92,Germana,Whalebelly,gwhalebelly2j@xrea.com,Female
93,Ursuline,Brafield,ubrafield2k@archive.org,Female
94,Gianni,Nornasell,gnornasell2l@yellowbook.com,Male
95,Philbert,Corselles,pcorselles2m@booking.com,Male
96,Kincaid,Goodbairn,kgoodbairn2n@simplemachines.org,Male
97,Frederique,Crannach,fcrannach2o@tripod.com,Female
98,Keriann,Bleyman,kbleyman2p@scientificamerican.com,Female
99,Jaime,Bagshawe,jbagshawe2q@addthis.com,Male
100,Michal,Windows,mwindows2r@economist.com,Female
101,Timothee,Rafe,trafe2s@umn.edu,Male
102,Reinhard,Hanfrey,rhanfrey2t@gmpg.org,Male
103,Godwin,Houdmont,ghoudmont2u@bluehost.com,Male
104,Hobart,Saunders,hsaunders2v@addthis.com,Male
105,Chet,Borit,cborit2w@joomla.org,Male
106,Geri,Demead,gdemead2x@boston.com,Non-binary
107,Reese,Gingell,rgingell2y@csmonitor.com,Male
108,Othello,Bickerstaffe,obickerstaffe2z@trellian.com,Male
109,Phedra,Garshore,pgarshore30@bloglovin.com,Genderqueer
110,Albrecht,Gilmore,agilmore31@seesaa.net,Male
111,Mavis,Fallawe,mfallawe32@shareasale.com,Female
112,Ernestine,Rosenfrucht,erosenfrucht33@google.es,Female
113,Mag,Heatlie,mheatlie34@sciencedaily.com,Female
114,Rossy,Allsworth,rallsworth35@time.com,Male
115,Angelo,Quadling,aquadling36@goodreads.com,Male
116,Hamid,Ratley,hratley37@nytimes.com,Male
117,Fredrick,Casier,fcasier38@dagondesign.com,Male
118,Terrill,Bogue,tbogue39@foxnews.com,Male
119,Shay,Wakeford,swakeford3a@illinois.edu,Female
120,Roseann,Butterfint,rbutterfint3b@angelfire.com,Female
121,Ardenia,Lissimore,alissimore3c@acquirethisname.com,Genderfluid
122,Brannon,Kleinberer,bkleinberer3d@over-blog.com,Male
123,Husain,Guitel,hguitel3e@sogou.com,Male
124,Barbi,Bazley,bbazley3f@hp.com,Agender
125,Griswold,Donald,gdonald3g@who.int,Male
126,Ashleigh,Vearnals,avearnals3h@instagram.com,Female
127,Isa,Grimmolby,igrimmolby3i@sbwire.com,Female
128,Frayda,Rambaut,frambaut3j@slideshare.net,Female
129,Marlee,Carrol,mcarrol3k@mayoclinic.com,Female
130,Akim,Dowtry,adowtry3l@surveymonkey.com,Male
131,Court,Liccardi,cliccardi3m@narod.ru,Male
132,Aurlie,De Carlo,adecarlo3n@nytimes.com,Female
133,Olympie,Garretts,ogarretts3o@mozilla.com,Female
134,Rozella,Rehm,rrehm3p@usgs.gov,Female
135,Dierdre,Bomfield,dbomfield3q@goo.gl,Female
136,Germayne,Rous,grous3r@springer.com,Genderfluid
137,Perkin,Safell,psafell3s@wired.com,Male
138,Ree,Winn,rwinn3t@engadget.com,Female
139,Rodger,McCusker,rmccusker3u@xrea.com,Male
140,Pen,Woodcroft,pwoodcroft3v@hexun.com,Female
141,Christophe,Percifull,cpercifull3w@kickstarter.com,Male
142,Nealy,Cheasman,ncheasman3x@meetup.com,Male
143,Cassy,Kennea,ckennea3y@ed.gov,Non-binary
144,Mignon,Midner,mmidner3z@nyu.edu,Female
145,Glenine,Musprat,gmusprat40@studiopress.com,Female
146,Alden,Owbridge,aowbridge41@technorati.com,Male
147,Ozzie,Eady,oeady42@opera.com,Male
148,Arabella,Barradell,abarradell43@nationalgeographic.com,Female
149,Lorry,Prowting,lprowting44@washingtonpost.com,Male
150,Worthington,Hardison,whardison45@odnoklassniki.ru,Male
151,Leonora,Gibling,lgibling46@lulu.com,Female
152,Wynny,Durtnell,wdurtnell47@usgs.gov,Female
153,Aluin,Dodell,adodell48@sphinn.com,Male
154,Dallas,Pindar,dpindar49@freewebs.com,Male
155,Emmi,Macconaghy,emacconaghy4a@alibaba.com,Agender
156,Sara-ann,Enns,senns4b@mozilla.com,Female
157,Randell,Fuchs,rfuchs4c@bluehost.com,Male
158,Annice,Ludlamme,aludlamme4d@networksolutions.com,Genderqueer
159,Winthrop,Ebhardt,webhardt4e@360.cn,Male
160,Lenna,Feavers,lfeavers4f@yahoo.com,Female
161,Mirabella,Killough,mkillough4g@sun.com,Genderqueer
162,Earl,Camois,ecamois4h@census.gov,Male
163,Graham,Collyear,gcollyear4i@tmall.com,Polygender
164,Brigg,Ney,bney4j@squarespace.com,Male
165,Jeno,Dicky,jdicky4k@ebay.com,Male
166,Noel,Keston,nkeston4l@rambler.ru,Male
167,Vern,Demcik,vdemcik4m@apache.org,Male
168,Rice,Fancett,rfancett4n@jigsy.com,Male
169,Angelita,Ausher,aausher4o@illinois.edu,Female
170,Jean,Stebbings,jstebbings4p@lycos.com,Male
171,Ernaline,Marsters,emarsters4q@soundcloud.com,Genderfluid
172,Hermina,Chisolm,hchisolm4r@ask.com,Female
173,Melvyn,Wallbanks,mwallbanks4s@homestead.com,Male
174,Jake,Carey,jcarey4t@globo.com,Male
175,Lana,Topper,ltopper4u@gmpg.org,Female
176,Briny,Colomb,bcolomb4v@ebay.co.uk,Female
177,Abra,Viel,aviel4w@altervista.org,Female
178,Sioux,Pitway,spitway4x@friendfeed.com,Female
179,Erik,Shenton,eshenton4y@1688.com,Male
180,Ganny,Levitt,glevitt4z@state.gov,Male
181,Penrod,Parcell,pparcell50@mayoclinic.com,Male
182,Jewelle,Tootell,jtootell51@state.gov,Female
183,Fredi,Drance,fdrance52@imgur.com,Female
184,Gavan,Huglin,ghuglin53@techcrunch.com,Male
185,Channa,Blanckley,cblanckley54@harvard.edu,Female
186,Riccardo,Meaddowcroft,rmeaddowcroft55@state.gov,Male
187,Nanice,Scourfield,nscourfield56@globo.com,Genderqueer
188,Homere,MacKowle,hmackowle57@chronoengine.com,Male
189,Angelia,Schustl,aschustl58@weibo.com,Female
190,Etienne,Lehon,elehon59@furl.net,Male
191,Pincus,Chomicki,pchomicki5a@bravesites.com,Male
192,Hinze,Cullerne,hcullerne5b@ow.ly,Male
193,Melloney,Huston,mhuston5c@stumbleupon.com,Female
194,Ephrem,Neaves,eneaves5d@photobucket.com,Male
195,Lazaro,Burnapp,lburnapp5e@ucla.edu,Male
196,Michaelina,Bryns,mbryns5f@icio.us,Agender
197,Trip,Jobey,tjobey5g@cbc.ca,Male
198,Cynde,Veschi,cveschi5h@fda.gov,Female
199,Chrisse,Yantsev,cyantsev5i@skype.com,Male
200,Rube,Durham,rdurham5j@paypal.com,Male
